id,name,rarity,region
1,bulbasaur,common,kanto
2,ivysaur,common,kanto
3,venusaur,common,kanto
4,charmander,common,kanto
5,charmeleon,common,kanto
6,charizard,common,kanto
7,squirtle,common,kanto
8,wartortle,common,kanto
9,blastoise,common,kanto
10,caterpie,common,kanto
11,metapod,common,kanto
12,butterfree,common,kanto
13,weedle,common,kanto
14,kakuna,common,kanto
15,beedrill,common,kanto
16,pidgey,common,kanto
17,pidgeotto,common,kanto
18,pidgeot,common,kanto
19,rattata,common,kanto
20,raticate,common,kanto
21,spearow,common,kanto
22,fearow,common,kanto
23,ekans,common,kanto
24,arbok,common,kanto
25,pikachu,common,kanto
26,raichu,common,kanto
27,sandshrew,common,kanto
28,sandslash,common,kanto
29,nidoran-f,common,kanto
30,nidorina,common,kanto
31,nidoqueen,common,kanto
32,nidoran-m,common,kanto
33,nidorino,common,kanto
34,nidoking,common,kanto
35,clefairy,common,kanto
36,clefable,common,kanto
37,vulpix,common,kanto
38,ninetales,common,kanto
39,jigglypuff,common,kanto
40,wigglytuff,common,kanto
41,zubat,common,kanto
42,golbat,common,kanto
43,oddish,common,kanto
44,gloom,common,kanto
45,vileplume,common,kanto
46,paras,common,kanto
47,parasect,common,kanto
48,venonat,common,kanto
49,venomoth,common,kanto
50,diglett,common,kanto
51,dugtrio,common,kanto
52,meowth,common,kanto
53,persian,common,kanto
54,psyduck,common,kanto
55,golduck,common,kanto
56,mankey,common,kanto
57,primeape,common,kanto
58,growlithe,common,kanto
59,arcanine,common,kanto
60,poliwag,common,kanto
61,poliwhirl,common,kanto
62,poliwrath,common,kanto
63,abra,common,kanto
64,kadabra,common,kanto
65,alakazam,common,kanto
66,machop,common,kanto
67,machoke,common,kanto
68,machamp,common,kanto
69,bellsprout,common,kanto
70,weepinbell,common,kanto
71,victreebel,common,kanto
72,tentacool,common,kanto
73,tentacruel,common,kanto
74,geodude,common,kanto
75,graveler,common,kanto
76,golem,common,kanto
77,ponyta,common,kanto
78,rapidash,common,kanto
79,slowpoke,common,kanto
80,slowbro,common,kanto
81,magnemite,common,kanto
82,magneton,common,kanto
83,farfetchd,common,kanto
84,doduo,common,kanto
85,dodrio,common,kanto
86,seel,common,kanto
87,dewgong,common,kanto
88,grimer,common,kanto
89,muk,common,kanto
90,shellder,common,kanto
91,cloyster,common,kanto
92,gastly,common,kanto
93,haunter,common,kanto
94,gengar,common,kanto
95,onix,common,kanto
96,drowzee,common,kanto
97,hypno,common,kanto
98,krabby,common,kanto
99,kingler,common,kanto
100,voltorb,common,kanto
101,electrode,common,kanto
102,exeggcute,common,kanto
103,exeggutor,common,kanto
104,cubone,common,kanto
105,marowak,common,kanto
106,hitmonlee,common,kanto
107,hitmonchan,common,kanto
108,lickitung,common,kanto
109,koffing,common,kanto
110,weezing,common,kanto
111,rhyhorn,common,kanto
112,rhydon,common,kanto
113,chansey,common,kanto
114,tangela,common,kanto
115,kangaskhan,common,kanto
116,horsea,common,kanto
117,seadra,common,kanto
118,goldeen,common,kanto
119,seaking,common,kanto
120,staryu,common,kanto
121,starmie,common,kanto
122,mr-mime,common,kanto
123,scyther,common,kanto
124,jynx,common,kanto
125,electabuzz,common,kanto
126,magmar,common,kanto
127,pinsir,common,kanto
128,tauros,common,kanto
129,magikarp,common,kanto
130,gyarados,common,kanto
131,lapras,common,kanto
132,ditto,common,kanto
133,eevee,common,kanto
134,vaporeon,common,kanto
135,jolteon,common,kanto
136,flareon,common,kanto
137,porygon,common,kanto
138,omanyte,common,kanto
139,omastar,common,kanto
140,kabuto,common,kanto
141,kabutops,common,kanto
142,aerodactyl,common,kanto
143,snorlax,common,kanto
144,articuno,legendary,kanto
145,zapdos,legendary,kanto
146,moltres,legendary,kanto
147,dratini,common,kanto
148,dragonair,common,kanto
149,dragonite,common,kanto
150,mewtwo,legendary,kanto
151,mew,mythical,kanto
152,chikorita,common,kanto
153,bayleef,common,kanto
154,meganium,common,kanto
155,cyndaquil,common,kanto
156,quilava,common,kanto
157,typhlosion,common,kanto
158,totodile,common,kanto
159,croconaw,common,kanto
160,feraligatr,common,kanto
161,sentret,common,kanto
162,furret,common,kanto
163,hoothoot,common,kanto
164,noctowl,common,kanto
165,ledyba,common,kanto
166,ledian,common,kanto
167,spinarak,common,kanto
168,ariados,common,kanto
169,crobat,common,kanto
170,chinchou,common,kanto
171,lanturn,common,kanto
172,pichu,common,kanto
173,cleffa,common,kanto
174,igglybuff,common,kanto
175,togepi,common,kanto
176,togetic,common,kanto
177,natu,common,kanto
178,xatu,common,kanto
179,mareep,common,kanto
180,flaaffy,common,kanto
181,ampharos,common,kanto
182,bellossom,common,kanto
183,marill,common,kanto
184,azumarill,common,kanto
185,sudowoodo,common,kanto
186,politoed,common,kanto
187,hoppip,common,kanto
188,skiploom,common,kanto
189,jumpluff,common,kanto
190,aipom,common,kanto
191,sunkern,common,kanto
192,sunflora,common,kanto
193,yanma,common,kanto
194,wooper,common,kanto
195,quagsire,common,kanto
196,espeon,common,kanto
197,umbreon,common,kanto
198,murkrow,common,kanto
199,slowking,common,kanto
200,misdreavus,common,kanto
201,unown,common,kanto
202,wobbuffet,common,kanto
203,girafarig,common,kanto
204,pineco,common,kanto
205,forretress,common,kanto
206,dunsparce,common,kanto
207,gligar,common,kanto
208,steelix,common,kanto
209,snubbull,common,kanto
210,granbull,common,kanto
211,qwilfish,common,kanto
212,scizor,common,kanto
213,shuckle,common,kanto
214,heracross,common,kanto
215,sneasel,common,kanto
216,teddiursa,common,kanto
217,ursaring,common,kanto
218,slugma,common,kanto
219,magcargo,common,kanto
220,swinub,common,kanto
221,piloswine,common,kanto
222,corsola,common,kanto
223,remoraid,common,kanto
224,octillery,common,kanto
225,delibird,common,kanto
226,mantine,common,kanto
227,skarmory,common,kanto
228,houndour,common,kanto
229,houndoom,common,kanto
230,kingdra,common,kanto
231,phanpy,common,kanto
232,donphan,common,kanto
233,porygon2,common,kanto
234,stantler,common,kanto
235,smeargle,common,kanto
236,tyrogue,common,kanto
237,hitmontop,common,kanto
238,smoochum,common,kanto
239,elekid,common,kanto
240,magby,common,kanto
241,miltank,common,kanto
242,blissey,common,kanto
243,raikou,legendary,kanto
244,entei,legendary,kanto
245,suicune,legendary,kanto
246,larvitar,common,kanto
247,pupitar,common,kanto
248,tyranitar,common,kanto
249,lugia,legendary,kanto
250,ho-oh,legendary,kanto
251,celebi,mythical,kanto
252,treecko,common,kanto
253,grovyle,common,kanto
254,sceptile,common,kanto
255,torchic,common,kanto
256,combusken,common,kanto
257,blaziken,common,kanto
258,mudkip,common,kanto
259,marshtomp,common,kanto
260,swampert,common,kanto
261,poochyena,common,kanto
262,mightyena,common,kanto
263,zigzagoon,common,kanto
264,linoone,common,kanto
265,wurmple,common,kanto
266,silcoon,common,kanto
267,beautifly,common,kanto
268,cascoon,common,kanto
269,dustox,common,kanto
270,lotad,common,kanto
271,lombre,common,kanto
272,ludicolo,common,kanto
273,seedot,common,kanto
274,nuzleaf,common,kanto
275,shiftry,common,kanto
276,taillow,common,kanto
277,swellow,common,kanto
278,wingull,common,kanto
279,pelipper,common,kanto
280,ralts,common,kanto
281,kirlia,common,kanto
282,gardevoir,common,kanto
283,surskit,common,kanto
284,masquerain,common,kanto
285,shroomish,common,kanto
286,breloom,common,kanto
287,slakoth,common,kanto
288,vigoroth,common,kanto
289,slaking,common,kanto
290,nincada,common,kanto
291,ninjask,common,kanto
292,shedinja,common,kanto
293,whismur,common,kanto
294,loudred,common,kanto
295,exploud,common,kanto
296,makuhita,common,kanto
297,hariyama,common,kanto
298,azurill,common,kanto
299,nosepass,common,kanto
300,skitty,common,kanto
301,delcatty,common,kanto
302,sableye,common,kanto
303,mawile,common,kanto
304,aron,common,kanto
305,lairon,common,kanto
306,aggron,common,kanto
307,meditite,common,kanto
308,medicham,common,kanto
309,electrike,common,kanto
310,manectric,common,kanto
311,plusle,common,kanto
312,minun,common,kanto
313,volbeat,common,kanto
314,illumise,common,kanto
315,roselia,common,kanto
316,gulpin,common,kanto
317,swalot,common,kanto
318,carvanha,common,kanto
319,sharpedo,common,kanto
320,wailmer,common,kanto
321,wailord,common,kanto
322,numel,common,kanto
323,camerupt,common,kanto
324,torkoal,common,kanto
325,spoink,common,kanto
326,grumpig,common,kanto
327,spinda,common,kanto
328,trapinch,common,kanto
329,vibrava,common,kanto
330,flygon,common,kanto
331,cacnea,common,kanto
332,cacturne,common,kanto
333,swablu,common,kanto
334,altaria,common,kanto
335,zangoose,common,kanto
336,seviper,common,kanto
337,lunatone,common,kanto
338,solrock,common,kanto
339,barboach,common,kanto
340,whiscash,common,kanto
341,corphish,common,kanto
342,crawdaunt,common,kanto
343,baltoy,common,kanto
344,claydol,common,kanto
345,lileep,common,kanto
346,cradily,common,kanto
347,anorith,common,kanto
348,armaldo,common,kanto
349,feebas,common,kanto
350,milotic,common,kanto
351,castform,common,kanto
352,kecleon,common,kanto
353,shuppet,common,kanto
354,banette,common,kanto
355,duskull,common,kanto
356,dusclops,common,kanto
357,tropius,common,kanto
358,chimecho,common,kanto
359,absol,common,kanto
360,wynaut,common,kanto
361,snorunt,common,kanto
362,glalie,common,kanto
363,spheal,common,kanto
364,sealeo,common,kanto
365,walrein,common,kanto
366,clamperl,common,kanto
367,huntail,common,kanto
368,gorebyss,common,kanto
369,relicanth,common,kanto
370,luvdisc,common,kanto
371,bagon,common,kanto
372,shelgon,common,kanto
373,salamence,common,kanto
374,beldum,common,kanto
375,metang,common,kanto
376,metagross,common,kanto
377,regirock,legendary,kanto
378,regice,legendary,kanto
379,registeel,legendary,kanto
380,latias,legendary,kanto
381,latios,legendary,kanto
382,kyogre,legendary,kanto
383,groudon,legendary,kanto
384,rayquaza,legendary,kanto
385,jirachi,mythical,kanto
386,deoxys-normal,mythical,kanto
387,turtwig,common,kanto
388,grotle,common,kanto
389,torterra,common,kanto
390,chimchar,common,kanto
391,monferno,common,kanto
392,infernape,common,kanto
393,piplup,common,kanto
394,prinplup,common,kanto
395,empoleon,common,kanto
396,starly,common,kanto
397,staravia,common,kanto
398,staraptor,common,kanto
399,bidoof,common,kanto
400,bibarel,common,kanto
401,kricketot,common,kanto
402,kricketune,common,kanto
403,shinx,common,kanto
404,luxio,common,kanto
405,luxray,common,kanto
406,budew,common,kanto
407,roserade,common,kanto
408,cranidos,common,kanto
409,rampardos,common,kanto
410,shieldon,common,kanto
411,bastiodon,common,kanto
412,burmy,common,kanto
413,wormadam-plant,common,kanto
414,mothim,common,kanto
415,combee,common,kanto
416,vespiquen,common,kanto
417,pachirisu,common,kanto
418,buizel,common,kanto
419,floatzel,common,kanto
420,cherubi,common,kanto
421,cherrim,common,kanto
422,shellos,common,kanto
423,gastrodon,common,kanto
424,ambipom,common,kanto
425,drifloon,common,kanto
426,drifblim,common,kanto
427,buneary,common,kanto
428,lopunny,common,kanto
429,mismagius,common,kanto
430,honchkrow,common,kanto
431,glameow,common,kanto
432,purugly,common,kanto
433,chingling,common,kanto
434,stunky,common,kanto
435,skuntank,common,kanto
436,bronzor,common,kanto
437,bronzong,common,kanto
438,bonsly,common,kanto
439,mime-jr,common,kanto
440,happiny,common,kanto
441,chatot,common,kanto
442,spiritomb,common,kanto
443,gible,common,kanto
444,gabite,common,kanto
445,garchomp,common,kanto
446,munchlax,common,kanto
447,riolu,common,kanto
448,lucario,common,kanto
449,hippopotas,common,kanto
450,hippowdon,common,kanto
451,skorupi,common,kanto
452,drapion,common,kanto
453,croagunk,common,kanto
454,toxicroak,common,kanto
455,carnivine,common,kanto
456,finneon,common,kanto
457,lumineon,common,kanto
458,mantyke,common,kanto
459,snover,common,kanto
460,abomasnow,common,kanto
461,weavile,common,kanto
462,magnezone,common,kanto
463,lickilicky,common,kanto
464,rhyperior,common,kanto
465,tangrowth,common,kanto
466,electivire,common,kanto
467,magmortar,common,kanto
468,togekiss,common,kanto
469,yanmega,common,kanto
470,leafeon,common,kanto
471,glaceon,common,kanto
472,gliscor,common,kanto
473,mamoswine,common,kanto
474,porygon-z,common,kanto
475,gallade,common,kanto
476,probopass,common,kanto
477,dusknoir,common,kanto
478,froslass,common,kanto
479,rotom,common,kanto
480,uxie,legendary,kanto
481,mesprit,legendary,kanto
482,azelf,legendary,kanto
483,dialga,legendary,kanto
484,palkia,legendary,kanto
485,heatran,legendary,kanto
486,regigigas,legendary,kanto
487,giratina-altered,legendary,kanto
488,cresselia,legendary,kanto
489,phione,mythical,kanto
490,manaphy,mythical,kanto
491,darkrai,mythical,kanto
492,shaymin-land,mythical,kanto
493,arceus,mythical,kanto
494,victini,mythical,kanto
495,snivy,common,kanto
496,servine,common,kanto
497,serperior,common,kanto
498,tepig,common,kanto
499,pignite,common,kanto
500,emboar,common,kanto
501,oshawott,common,kanto
502,dewott,common,kanto
503,samurott,common,kanto
504,patrat,common,kanto
505,watchog,common,kanto
506,lillipup,common,kanto
507,herdier,common,kanto
508,stoutland,common,kanto
509,purrloin,common,kanto
510,liepard,common,kanto
511,pansage,common,kanto
512,simisage,common,kanto
513,pansear,common,kanto
514,simisear,common,kanto
515,panpour,common,kanto
516,simipour,common,kanto
517,munna,common,kanto
518,musharna,common,kanto
519,pidove,common,kanto
520,tranquill,common,kanto
521,unfezant,common,kanto
522,blitzle,common,kanto
523,zebstrika,common,kanto
524,roggenrola,common,kanto
525,boldore,common,kanto
526,gigalith,common,kanto
527,woobat,common,kanto
528,swoobat,common,kanto
529,drilbur,common,kanto
530,excadrill,common,kanto
531,audino,common,kanto
532,timburr,common,kanto
533,gurdurr,common,kanto
534,conkeldurr,common,kanto
535,tympole,common,kanto
536,palpitoad,common,kanto
537,seismitoad,common,kanto
538,throh,common,kanto
539,sawk,common,kanto
540,sewaddle,common,kanto
541,swadloon,common,kanto
542,leavanny,common,kanto
543,venipede,common,kanto
544,whirlipede,common,kanto
545,scolipede,common,kanto
546,cottonee,common,kanto
547,whimsicott,common,kanto
548,petilil,common,kanto
549,lilligant,common,kanto
550,basculin-red-striped,common,kanto
551,sandile,common,kanto
552,krokorok,common,kanto
553,krookodile,common,kanto
554,darumaka,common,kanto
555,darmanitan-standard,common,kanto
556,maractus,common,kanto
557,dwebble,common,kanto
558,crustle,common,kanto
559,scraggy,common,kanto
560,scrafty,common,kanto
561,sigilyph,common,kanto
562,yamask,common,kanto
563,cofagrigus,common,kanto
564,tirtouga,common,kanto
565,carracosta,common,kanto
566,archen,common,kanto
567,archeops,common,kanto
568,trubbish,common,kanto
569,garbodor,common,kanto
570,zorua,common,kanto
571,zoroark,common,kanto
572,minccino,common,kanto
573,cinccino,common,kanto
574,gothita,common,kanto
575,gothorita,common,kanto
576,gothitelle,common,kanto
577,solosis,common,kanto
578,duosion,common,kanto
579,reuniclus,common,kanto
580,ducklett,common,kanto
581,swanna,common,kanto
582,vanillite,common,kanto
583,vanillish,common,kanto
584,vanilluxe,common,kanto
585,deerling,common,kanto
586,sawsbuck,common,kanto
587,emolga,common,kanto
588,karrablast,common,kanto
589,escavalier,common,kanto
590,foongus,common,kanto
591,amoonguss,common,kanto
592,frillish,common,kanto
593,jellicent,common,kanto
594,alomomola,common,kanto
595,joltik,common,kanto
596,galvantula,common,kanto
597,ferroseed,common,kanto
598,ferrothorn,common,kanto
599,klink,common,kanto
600,klang,common,kanto
601,klinklang,common,kanto
602,tynamo,common,kanto
603,eelektrik,common,kanto
604,eelektross,common,kanto
605,elgyem,common,kanto
606,beheeyem,common,kanto
607,litwick,common,kanto
608,lampent,common,kanto
609,chandelure,common,kanto
610,axew,common,kanto
611,fraxure,common,kanto
612,haxorus,common,kanto
613,cubchoo,common,kanto
614,beartic,common,kanto
615,cryogonal,common,kanto
616,shelmet,common,kanto
617,accelgor,common,kanto
618,stunfisk,common,kanto
619,mienfoo,common,kanto
620,mienshao,common,kanto
621,druddigon,common,kanto
622,golett,common,kanto
623,golurk,common,kanto
624,pawniard,common,kanto
625,bisharp,common,kanto
626,bouffalant,common,kanto
627,rufflet,common,kanto
628,braviary,common,kanto
629,vullaby,common,kanto
630,mandibuzz,common,kanto
631,heatmor,common,kanto
632,durant,common,kanto
633,deino,common,kanto
634,zweilous,common,kanto
635,hydreigon,common,kanto
636,larvesta,common,kanto
637,volcarona,common,kanto
638,cobalion,legendary,kanto
639,terrakion,legendary,kanto
640,virizion,legendary,kanto
641,tornadus-incarnate,legendary,kanto
642,thundurus-incarnate,legendary,kanto
643,reshiram,legendary,kanto
644,zekrom,legendary,kanto
645,landorus-incarnate,legendary,kanto
646,kyurem,legendary,kanto
647,keldeo-ordinary,mythical,kanto
648,meloetta-aria,mythical,kanto
649,genesect,mythical,kanto
650,chespin,common,kanto
651,quilladin,common,kanto
652,chesnaught,common,kanto
653,fennekin,common,kanto
654,braixen,common,kanto
655,delphox,common,kanto
656,froakie,common,kanto
657,frogadier,common,kanto
658,greninja,common,kanto
659,bunnelby,common,kanto
660,diggersby,common,kanto
661,fletchling,common,kanto
662,fletchinder,common,kanto
663,talonflame,common,kanto
664,scatterbug,common,kanto
665,spewpa,common,kanto
666,vivillon,common,kanto
667,litleo,common,kanto
668,pyroar,common,kanto
669,flabebe,common,kanto
670,floette,common,kanto
671,florges,common,kanto
672,skiddo,common,kanto
673,gogoat,common,kanto
674,pancham,common,kanto
675,pangoro,common,kanto
676,furfrou,common,kanto
677,espurr,common,kanto
678,meowstic-male,common,kanto
679,honedge,common,kanto
680,doublade,common,kanto
681,aegislash-shield,common,kanto
682,spritzee,common,kanto
683,aromatisse,common,kanto
684,swirlix,common,kanto
685,slurpuff,common,kanto
686,inkay,common,kanto
687,malamar,common,kanto
688,binacle,common,kanto
689,barbaracle,common,kanto
690,skrelp,common,kanto
691,dragalge,common,kanto
692,clauncher,common,kanto
693,clawitzer,common,kanto
694,helioptile,common,kanto
695,heliolisk,common,kanto
696,tyrunt,common,kanto
697,tyrantrum,common,kanto
698,amaura,common,kanto
699,aurorus,common,kanto
700,sylveon,common,kanto
701,hawlucha,common,kanto
702,dedenne,common,kanto
703,carbink,common,kanto
704,goomy,common,kanto
705,sliggoo,common,kanto
706,goodra,common,kanto
707,klefki,common,kanto
708,phantump,common,kanto
709,trevenant,common,kanto
710,pumpkaboo-average,common,kanto
711,gourgeist-average,common,kanto
712,bergmite,common,kanto
713,avalugg,common,kanto
714,noibat,common,kanto
715,noivern,common,kanto
716,xerneas,legendary,kanto
717,yveltal,legendary,kanto
718,zygarde-50,legendary,kanto
719,diancie,mythical,kanto
720,hoopa,mythical,kanto
721,volcanion,mythical,kanto
722,rowlet,common,kanto
723,dartrix,common,kanto
724,decidueye,common,kanto
725,litten,common,kanto
726,torracat,common,kanto
727,incineroar,common,kanto
728,popplio,common,kanto
729,brionne,common,kanto
730,primarina,common,kanto
731,pikipek,common,kanto
732,trumbeak,common,kanto
733,toucannon,common,kanto
734,yungoos,common,kanto
735,gumshoos,common,kanto
736,grubbin,common,kanto
737,charjabug,common,kanto
738,vikavolt,common,kanto
739,crabrawler,common,kanto
740,crabominable,common,kanto
741,oricorio-baile,common,kanto
742,cutiefly,common,kanto
743,ribombee,common,kanto
744,rockruff,common,kanto
745,lycanroc-midday,common,kanto
746,wishiwashi-solo,common,kanto
747,mareanie,common,kanto
748,toxapex,common,kanto
749,mudbray,common,kanto
750,mudsdale,common,kanto
751,dewpider,common,kanto
752,araquanid,common,kanto
753,fomantis,common,kanto
754,lurantis,common,kanto
755,morelull,common,kanto
756,shiinotic,common,kanto
757,salandit,common,kanto
758,salazzle,common,kanto
759,stufful,common,kanto
760,bewear,common,kanto
761,bounsweet,common,kanto
762,steenee,common,kanto
763,tsareena,common,kanto
764,comfey,common,kanto
765,oranguru,common,kanto
766,passimian,common,kanto
767,wimpod,common,kanto
768,golisopod,common,kanto
769,sandygast,common,kanto
770,palossand,common,kanto
771,pyukumuku,common,kanto
772,type-null,legendary,kanto
773,silvally,legendary,kanto
774,minior-red-meteor,common,kanto
775,komala,common,kanto
776,turtonator,common,kanto
777,togedemaru,common,kanto
778,mimikyu-disguised,common,kanto
779,bruxish,common,kanto
780,drampa,common,kanto
781,dhelmise,common,kanto
782,jangmo-o,common,kanto
783,hakamo-o,common,kanto
784,kommo-o,common,kanto
785,tapu-koko,legendary,kanto
786,tapu-lele,legendary,kanto
787,tapu-bulu,legendary,kanto
788,tapu-fini,legendary,kanto
789,cosmog,legendary,kanto
790,cosmoem,legendary,kanto
791,solgaleo,legendary,kanto
792,lunala,legendary,kanto
793,nihilego,common,kanto
794,buzzwole,common,kanto
795,pheromosa,common,kanto
796,xurkitree,common,kanto
797,celesteela,common,kanto
798,kartana,common,kanto
799,guzzlord,common,kanto
800,necrozma,legendary,kanto
801,magearna,mythical,kanto
802,marshadow,mythical,kanto
803,poipole,common,kanto
804,naganadel,common,kanto
805,stakataka,common,kanto
806,blacephalon,common,kanto
807,zeraora,mythical,kanto
808,meltan,mythical,kanto
809,melmetal,mythical,kanto
810,grookey,common,kanto
811,thwackey,common,kanto
812,rillaboom,common,kanto
813,scorbunny,common,kanto
814,raboot,common,kanto
815,cinderace,common,kanto
816,sobble,common,kanto
817,drizzile,common,kanto
818,inteleon,common,kanto
819,skwovet,common,kanto
820,greedent,common,kanto
821,rookidee,common,kanto
822,corvisquire,common,kanto
823,corviknight,common,kanto
824,blipbug,common,kanto
825,dottler,common,kanto
826,orbeetle,common,kanto
827,nickit,common,kanto
828,thievul,common,kanto
829,gossifleur,common,kanto
830,eldegoss,common,kanto
831,wooloo,common,kanto
832,dubwool,common,kanto
833,chewtle,common,kanto
834,drednaw,common,kanto
835,yamper,common,kanto
836,boltund,common,kanto
837,rolycoly,common,kanto
838,carkol,common,kanto
839,coalossal,common,kanto
840,applin,common,kanto
841,flapple,common,kanto
842,appletun,common,kanto
843,silicobra,common,kanto
844,sandaconda,common,kanto
845,cramorant,common,kanto
846,arrokuda,common,kanto
847,barraskewda,common,kanto
848,toxel,common,kanto
849,toxtricity-amped,common,kanto
850,sizzlipede,common,kanto
851,centiskorch,common,kanto
852,clobbopus,common,kanto
853,grapploct,common,kanto
854,sinistea,common,kanto
855,polteageist,common,kanto
856,hatenna,common,kanto
857,hattrem,common,kanto
858,hatterene,common,kanto
859,impidimp,common,kanto
860,morgrem,common,kanto
861,grimmsnarl,common,kanto
862,obstagoon,common,kanto
863,perrserker,common,kanto
864,cursola,common,kanto
865,sirfetchd,common,kanto
866,mr-rime,common,kanto
867,runerigus,common,kanto
868,milcery,common,kanto
869,alcremie,common,kanto
870,falinks,common,kanto
871,pincurchin,common,kanto
872,snom,common,kanto
873,frosmoth,common,kanto
874,stonjourner,common,kanto
875,eiscue-ice,common,kanto
876,indeedee-male,common,kanto
877,morpeko-full-belly,common,kanto
878,cufant,common,kanto
879,copperajah,common,kanto
880,dracozolt,common,kanto
881,arctozolt,common,kanto
882,dracovish,common,kanto
883,arctovish,common,kanto
884,duraludon,common,kanto
885,dreepy,common,kanto
886,drakloak,common,kanto
887,dragapult,common,kanto
888,zacian,legendary,kanto
889,zamazenta,legendary,kanto
890,eternatus,legendary,kanto
891,kubfu,legendary,kanto
892,urshifu-single-strike,legendary,kanto
893,zarude,mythical,kanto
894,regieleki,legendary,kanto
895,regidrago,legendary,kanto
896,glastrier,legendary,kanto
897,spectrier,legendary,kanto
898,calyrex,legendary,kanto
899,wyrdeer,common,kanto
900,kleavor,common,kanto
901,ursaluna,common,kanto
902,basculegion-male,common,kanto
903,sneasler,common,kanto
904,overqwil,common,kanto
905,enamorus-incarnate,legendary,kanto
906,sprigatito,common,kanto
907,floragato,common,kanto
908,meowscarada,common,kanto
909,fuecoco,common,kanto
910,crocalor,common,kanto
911,skeledirge,common,kanto
912,quaxly,common,kanto
913,quaxwell,common,kanto
914,quaquaval,common,kanto
915,lechonk,common,kanto
916,oinkologne-male,common,kanto
917,tarountula,common,kanto
918,spidops,common,kanto
919,nymble,common,kanto
920,lokix,common,kanto
921,pawmi,common,kanto
922,pawmo,common,kanto
923,pawmot,common,kanto
924,tandemaus,common,kanto
925,maushold-family-of-four,common,kanto
926,fidough,common,kanto
927,dachsbun,common,kanto
928,smoliv,common,kanto
929,dolliv,common,kanto
930,arboliva,common,kanto
931,squawkabilly-green-plumage,common,kanto
932,nacli,common,kanto
933,naclstack,common,kanto
934,garganacl,common,kanto
935,charcadet,common,kanto
936,armarouge,common,kanto
937,ceruledge,common,kanto
938,tadbulb,common,kanto
939,bellibolt,common,kanto
940,wattrel,common,kanto
941,kilowattrel,common,kanto
942,maschiff,common,kanto
943,mabosstiff,common,kanto
944,shroodle,common,kanto
945,grafaiai,common,kanto
946,bramblin,common,kanto
947,brambleghast,common,kanto
948,toedscool,common,kanto
949,toedscruel,common,kanto
950,klawf,common,kanto
951,capsakid,common,kanto
952,scovillain,common,kanto
953,rellor,common,kanto
954,rabsca,common,kanto
955,flittle,common,kanto
956,espathra,common,kanto
957,tinkatink,common,kanto
958,tinkatuff,common,kanto
959,tinkaton,common,kanto
960,wiglett,common,kanto
961,wugtrio,common,kanto
962,bombirdier,common,kanto
963,finizen,common,kanto
964,palafin-zero,common,kanto
965,varoom,common,kanto
966,revavroom,common,kanto
967,cyclizar,common,kanto
968,orthworm,common,kanto
969,glimmet,common,kanto
970,glimmora,common,kanto
971,greavard,common,kanto
972,houndstone,common,kanto
973,flamigo,common,kanto
974,cetoddle,common,kanto
975,cetitan,common,kanto
976,veluza,common,kanto
977,dondozo,common,kanto
978,tatsugiri-curly,common,kanto
979,annihilape,common,kanto
980,clodsire,common,kanto
981,farigiraf,common,kanto
982,dudunsparce-two-segment,common,kanto
983,kingambit,common,kanto
984,great-tusk,common,kanto
985,scream-tail,common,kanto
986,brute-bonnet,common,kanto
987,flutter-mane,common,kanto
988,slither-wing,common,kanto
989,sandy-shocks,common,kanto
990,iron-treads,common,kanto
991,iron-bundle,common,kanto
992,iron-hands,common,kanto
993,iron-jugulis,common,kanto
994,iron-moth,common,kanto
995,iron-thorns,common,kanto
996,frigibax,common,kanto
997,arctibax,common,kanto
998,baxcalibur,common,kanto
999,gimmighoul,common,kanto
1000,gholdengo,common,kanto
1001,wo-chien,legendary,kanto
1002,chien-pao,legendary,kanto
1003,ting-lu,legendary,kanto
1004,chi-yu,legendary,kanto
1005,roaring-moon,common,kanto
1006,iron-valiant,common,kanto
1007,koraidon,legendary,kanto
1008,miraidon,legendary,kanto
1009,walking-wake,common,kanto
1010,iron-leaves,common,kanto
1011,dipplin,common,kanto
1012,poltchageist,common,kanto
1013,sinistcha,common,kanto
1014,okidogi,legendary,kanto
1015,munkidori,legendary,kanto
1016,fezandipiti,legendary,kanto
1017,ogerpon,legendary,kanto
1018,archaludon,common,kanto
1019,hydrapple,common,kanto
1020,gouging-fire,common,kanto
1021,raging-bolt,common,kanto
1022,iron-boulder,common,kanto
1023,iron-crown,common,kanto
1024,terapagos,legendary,kanto
1025,pecharunt,mythical,kanto
10001,deoxys-attack,mythical,kanto
10002,deoxys-defense,mythical,kanto
10003,deoxys-speed,mythical,kanto
10004,wormadam-sandy,regional,sandy
10005,wormadam-trash,regional,trash
10006,shaymin-sky,mythical,kanto
10007,giratina-origin,legendary,kanto
10008,rotom-heat,regional,heat
10009,rotom-wash,regional,wash
10010,rotom-frost,regional,frost
10011,rotom-fan,regional,fan
10012,rotom-mow,regional,mow
10013,castform-sunny,regional,sunny
10014,castform-rainy,regional,rainy
10015,castform-snowy,regional,snowy
10016,basculin-blue-striped,regional,striped
10017,darmanitan-zen,regional,zen
10018,meloetta-pirouette,mythical,kanto
10019,tornadus-therian,legendary,kanto
10020,thundurus-therian,legendary,kanto
10021,landorus-therian,legendary,kanto
10022,kyurem-black,legendary,kanto
10023,kyurem-white,legendary,kanto
10024,keldeo-resolute,mythical,kanto
10025,meowstic-female,regional,female
10026,aegislash-blade,regional,blade
10027,pumpkaboo-small,regional,small
10028,pumpkaboo-large,regional,large
10029,pumpkaboo-super,regional,super
10030,gourgeist-small,regional,small
10031,gourgeist-large,regional,large
10032,gourgeist-super,regional,super
10033,venusaur-mega,regional,mega
10034,charizard-mega-x,regional,x
10035,charizard-mega-y,regional,y
10036,blastoise-mega,regional,mega
10037,alakazam-mega,regional,mega
10038,gengar-mega,regional,mega
10039,kangaskhan-mega,regional,mega
10040,pinsir-mega,regional,mega
10041,gyarados-mega,regional,mega
10042,aerodactyl-mega,regional,mega
10043,mewtwo-mega-x,legendary,kanto
10044,mewtwo-mega-y,legendary,kanto
10045,ampharos-mega,regional,mega
10046,scizor-mega,regional,mega
10047,heracross-mega,regional,mega
10048,houndoom-mega,regional,mega
10049,tyranitar-mega,regional,mega
10050,blaziken-mega,regional,mega
10051,gardevoir-mega,regional,mega
10052,mawile-mega,regional,mega
10053,aggron-mega,regional,mega
10054,medicham-mega,regional,mega
10055,manectric-mega,regional,mega
10056,banette-mega,regional,mega
10057,absol-mega,regional,mega
10058,garchomp-mega,regional,mega
10059,lucario-mega,regional,mega
10060,abomasnow-mega,regional,mega
10061,floette-eternal,regional,eternal
10062,latias-mega,legendary,kanto
10063,latios-mega,legendary,kanto
10064,swampert-mega,regional,mega
10065,sceptile-mega,regional,mega
10066,sableye-mega,regional,mega
10067,altaria-mega,regional,mega
10068,gallade-mega,regional,mega
10069,audino-mega,regional,mega
10070,sharpedo-mega,regional,mega
10071,slowbro-mega,regional,mega
10072,steelix-mega,regional,mega
10073,pidgeot-mega,regional,mega
10074,glalie-mega,regional,mega
10075,diancie-mega,mythical,kanto
10076,metagross-mega,regional,mega
10077,kyogre-primal,legendary,kanto
10078,groudon-primal,legendary,kanto
10079,rayquaza-mega,legendary,kanto
10080,pikachu-rock-star,regional,star
10081,pikachu-belle,regional,belle
10082,pikachu-pop-star,regional,star
10083,pikachu-phd,regional,phd
10084,pikachu-libre,regional,libre
10085,pikachu-cosplay,regional,cosplay
10086,hoopa-unbound,mythical,kanto
10087,camerupt-mega,regional,mega
10088,lopunny-mega,regional,mega
10089,salamence-mega,regional,mega
10090,beedrill-mega,regional,mega
10091,rattata-alola,regional,alola
10092,raticate-alola,regional,alola
10093,raticate-totem-alola,regional,alola
10094,pikachu-original-cap,regional,cap
10095,pikachu-hoenn-cap,regional,cap
10096,pikachu-sinnoh-cap,regional,cap
10097,pikachu-unova-cap,regional,cap
10098,pikachu-kalos-cap,regional,cap
10099,pikachu-alola-cap,regional,cap
10100,raichu-alola,regional,alola
10101,sandshrew-alola,regional,alola
10102,sandslash-alola,regional,alola
10103,vulpix-alola,regional,alola
10104,ninetales-alola,regional,alola
10105,diglett-alola,regional,alola
10106,dugtrio-alola,regional,alola
10107,meowth-alola,regional,alola
10108,persian-alola,regional,alola
10109,geodude-alola,regional,alola
10110,graveler-alola,regional,alola
10111,golem-alola,regional,alola
10112,grimer-alola,regional,alola
10113,muk-alola,regional,alola
10114,exeggutor-alola,regional,alola
10115,marowak-alola,regional,alola
10116,greninja-battle-bond,regional,bond
10117,greninja-ash,regional,ash
10118,zygarde-10-power-construct,legendary,kanto
10119,zygarde-50-power-construct,legendary,kanto
10120,zygarde-complete,legendary,kanto
10121,gumshoos-totem,regional,totem
10122,vikavolt-totem,regional,totem
10123,oricorio-pom-pom,regional,pom
10124,oricorio-pau,regional,pau
10125,oricorio-sensu,regional,sensu
10126,lycanroc-midnight,regional,midnight
10127,wishiwashi-school,regional,school
10128,lurantis-totem,regional,totem
10129,salazzle-totem,regional,totem
10130,minior-orange-meteor,regional,meteor
10131,minior-yellow-meteor,regional,meteor
10132,minior-green-meteor,regional,meteor
10133,minior-blue-meteor,regional,meteor
10134,minior-indigo-meteor,regional,meteor
10135,minior-violet-meteor,regional,meteor
10136,minior-red,regional,red
10137,minior-orange,regional,orange
10138,minior-yellow,regional,yellow
10139,minior-green,regional,green
10140,minior-blue,regional,blue
10141,minior-indigo,regional,indigo
10142,minior-violet,regional,violet
10143,mimikyu-busted,regional,busted
10144,mimikyu-totem-disguised,regional,disguised
10145,mimikyu-totem-busted,regional,busted
10146,kommo-o-totem,regional,totem
10147,magearna-original,mythical,kanto
10148,pikachu-partner-cap,regional,cap
10149,marowak-totem,regional,totem
10150,ribombee-totem,regional,totem
10151,rockruff-own-tempo,regional,tempo
10152,lycanroc-dusk,regional,dusk
10153,araquanid-totem,regional,totem
10154,togedemaru-totem,regional,totem
10155,necrozma-dusk,legendary,kanto
10156,necrozma-dawn,legendary,kanto
10157,necrozma-ultra,legendary,kanto
10158,pikachu-starter,regional,starter
10159,eevee-starter,regional,starter
10160,pikachu-world-cap,regional,cap
10161,meowth-galar,regional,galar
10162,ponyta-galar,regional,galar
10163,rapidash-galar,regional,galar
10164,slowpoke-galar,regional,galar
10165,slowbro-galar,regional,galar
10166,farfetchd-galar,regional,galar
10167,weezing-galar,regional,galar
10168,mr-mime-galar,regional,galar
10169,articuno-galar,legendary,kanto
10170,zapdos-galar,legendary,kanto
10171,moltres-galar,legendary,kanto
10172,slowking-galar,regional,galar
10173,corsola-galar,regional,galar
10174,zigzagoon-galar,regional,galar
10175,linoone-galar,regional,galar
10176,darumaka-galar,regional,galar
10177,darmanitan-galar-standard,regional,standard
10178,darmanitan-galar-zen,regional,zen
10179,yamask-galar,regional,galar
10180,stunfisk-galar,regional,galar
10181,zygarde-10,legendary,kanto
10182,cramorant-gulping,regional,gulping
10183,cramorant-gorging,regional,gorging
10184,toxtricity-low-key,regional,key
10185,eiscue-noice,regional,noice
10186,indeedee-female,regional,female
10187,morpeko-hangry,regional,hangry
10188,zacian-crowned,legendary,kanto
10189,zamazenta-crowned,legendary,kanto
10190,eternatus-eternamax,legendary,kanto
10191,urshifu-rapid-strike,legendary,kanto
10192,zarude-dada,mythical,kanto
10193,calyrex-ice,legendary,kanto
10194,calyrex-shadow,legendary,kanto
10195,venusaur-gmax,regional,gmax
10196,charizard-gmax,regional,gmax
10197,blastoise-gmax,regional,gmax
10198,butterfree-gmax,regional,gmax
10199,pikachu-gmax,regional,gmax
10200,meowth-gmax,regional,gmax
10201,machamp-gmax,regional,gmax
10202,gengar-gmax,regional,gmax
10203,kingler-gmax,regional,gmax
10204,lapras-gmax,regional,gmax
10205,eevee-gmax,regional,gmax
10206,snorlax-gmax,regional,gmax
10207,garbodor-gmax,regional,gmax
10208,melmetal-gmax,mythical,kanto
10209,rillaboom-gmax,regional,gmax
10210,cinderace-gmax,regional,gmax
10211,inteleon-gmax,regional,gmax
10212,corviknight-gmax,regional,gmax
10213,orbeetle-gmax,regional,gmax
10214,drednaw-gmax,regional,gmax
10215,coalossal-gmax,regional,gmax
10216,flapple-gmax,regional,gmax
10217,appletun-gmax,regional,gmax
10218,sandaconda-gmax,regional,gmax
10219,toxtricity-amped-gmax,regional,gmax
10220,centiskorch-gmax,regional,gmax
10221,hatterene-gmax,regional,gmax
10222,grimmsnarl-gmax,regional,gmax
10223,alcremie-gmax,regional,gmax
10224,copperajah-gmax,regional,gmax
10225,duraludon-gmax,regional,gmax
10226,urshifu-single-strike-gmax,legendary,kanto
10227,urshifu-rapid-strike-gmax,legendary,kanto
10228,toxtricity-low-key-gmax,regional,gmax
10229,growlithe-hisui,regional,hisui
10230,arcanine-hisui,regional,hisui
10231,voltorb-hisui,regional,hisui
10232,electrode-hisui,regional,hisui
10233,typhlosion-hisui,regional,hisui
10234,qwilfish-hisui,regional,hisui
10235,sneasel-hisui,regional,hisui
10236,samurott-hisui,regional,hisui
10237,lilligant-hisui,regional,hisui
10238,zorua-hisui,regional,hisui
10239,zoroark-hisui,regional,hisui
10240,braviary-hisui,regional,hisui
10241,sliggoo-hisui,regional,hisui
10242,goodra-hisui,regional,hisui
10243,avalugg-hisui,regional,hisui
10244,decidueye-hisui,regional,hisui
10245,dialga-origin,legendary,kanto
10246,palkia-origin,legendary,kanto
10247,basculin-white-striped,regional,striped
10248,basculegion-female,regional,female
10249,enamorus-therian,legendary,kanto
10250,tauros-paldea-combat-breed,regional,breed
10251,tauros-paldea-blaze-breed,regional,breed
10252,tauros-paldea-aqua-breed,regional,breed
10253,wooper-paldea,regional,paldea
10254,oinkologne-female,regional,female
10255,dudunsparce-three-segment,regional,segment
10256,palafin-hero,regional,hero
10257,maushold-family-of-three,regional,three
10258,tatsugiri-droopy,regional,droopy
10259,tatsugiri-stretchy,regional,stretchy
10260,squawkabilly-blue-plumage,regional,plumage
10261,squawkabilly-yellow-plumage,regional,plumage
10262,squawkabilly-white-plumage,regional,plumage
10263,gimmighoul-roaming,regional,roaming
10264,koraidon-limited-build,legendary,kanto
10265,koraidon-sprinting-build,legendary,kanto
10266,koraidon-swimming-build,legendary,kanto
10267,koraidon-gliding-build,legendary,kanto
10268,miraidon-low-power-mode,legendary,kanto
10269,miraidon-drive-mode,legendary,kanto
10270,miraidon-aquatic-mode,legendary,kanto
10271,miraidon-glide-mode,legendary,kanto
10272,ursaluna-bloodmoon,regional,bloodmoon
10273,ogerpon-wellspring-mask,legendary,kanto
10274,ogerpon-hearthflame-mask,legendary,kanto
10275,ogerpon-cornerstone-mask,legendary,kanto
10276,terapagos-terastal,legendary,kanto
10277,terapagos-stellar,legendary,kanto
